XGBoost,LightGBM,RandomForest,GradientBoosting
0.25520364681103225,0.2575810132354599,0.24726414164508034,0.2399511983084274
